{"buildTime":"2023-05-25T21:27:25.757Z","sources":[{"id":"AllPornComic","name":"AllPornComic","author":"Netsky","desc":"Extension that pulls manga from https://allporncomic.com","website":"http://github.com/TheNetsky","contentRating":"ADULT","version":"2.2.6","icon":"icon.png","tags":[{"text":"Notifications","type":"success"},{"text":"18+","type":"warning"}],"websiteBaseURL":"https://allporncomic.com"},{"id":"AzoraWorld","name":"AzoraWorld","author":"Ali Mohamed","desc":"Extension that pulls manga from https://azoranov.com","contentRating":"MATURE","version":"2.2.8","icon":"icon.png","tags":[{"text":"Notifications","type":"success"},{"text":"Arabic","type":"info"}],"websiteBaseURL":"https://azoranov.com"},{"id":"ChibiManga","name":"ChibiManga","author":"Netsky","desc":"Extension that pulls manga from https://www.cmreader.info","website":"http://github.com/TheNetsky","contentRating":"MATURE","version":"2.2.6","icon":"icon.png","tags":[{"text":"Notifications","type":"success"}],"websiteBaseURL":"https://www.cmreader.info"},{"id":"CoffeeManga","name":"CoffeeManga","author":"Netsky","desc":"Extension that pulls manga from https://coffeemanga.io","website":"http://github.com/TheNetsky","contentRating":"MATURE","version":"2.2.8","icon":"icon.png","tags":[{"text":"Notifications","type":"success"}],"websiteBaseURL":"https://coffeemanga.io"},{"id":"ColoredManga","name":"ColoredManga","author":"Netsky","desc":"Extension that pulls manga from https://coloredmanga.com","website":"http://github.com/TheNetsky","contentRating":"MATURE","version":"2.2.8","icon":"icon.png","tags":[{"text":"Notifications","type":"success"}],"websiteBaseURL":"https://coloredmanga.com"},{"id":"ComicKiba","name":"ComicKiba","author":"GameFuzzy","desc":"Extension that pulls manga from https://comickiba.com","website":"http://github.com/gamefuzzy","contentRating":"EVERYONE","version":"2.2.7","icon":"icon.png","tags":[{"text":"Notifications","type":"success"}],"websiteBaseURL":"https://comickiba.com"},{"id":"DisasterScans","name":"DisasterScans","author":"Netsky","desc":"Extension that pulls manga from https://disasterscans.com","website":"http://github.com/TheNetsky","contentRating":"MATURE","version":"2.2.6","icon":"icon.png","tags":[{"text":"Notifications","type":"success"}],"websiteBaseURL":"https://disasterscans.com"},{"id":"Hentai20","name":"Hentai20","author":"Netsky","desc":"Extension that pulls manga from https://hentai20.io","website":"http://github.com/TheNetsky","contentRating":"ADULT","version":"2.2.9","icon":"icon.png","tags":[{"text":"Notifications","type":"success"},{"text":"18+","type":"warning"},{"text":"Cloudflare","type":"danger"}],"websiteBaseURL":"https://hentai20.io"},{"id":"HiperDex","name":"HiperDex","author":"GameFuzzy","desc":"Extension that pulls manga from https://hiperdex.com","website":"http://github.com/gamefuzzy","contentRating":"ADULT","version":"2.2.10","icon":"icon.png","tags":[{"text":"Notifications","type":"success"},{"text":"18+","type":"warning"},{"text":"Cloudflare","type":"danger"}],"websiteBaseURL":"https://hiperdex.com"},{"id":"ImmortalUpdates","name":"ImmortalUpdates","author":"Netsky","desc":"Extension that pulls manga from https://immortalupdates.com","website":"http://github.com/TheNetsky","contentRating":"MATURE","version":"2.2.6","icon":"icon.png","tags":[{"text":"Notifications","type":"success"}],"websiteBaseURL":"https://immortalupdates.com"},{"id":"IsekaiScan","name":"IsekaiScan","author":"Netsky","desc":"Extension that pulls manga from https://isekaiscan.com","website":"http://github.com/TheNetsky","contentRating":"EVERYONE","version":"2.2.6","icon":"icon.png","tags":[{"text":"Notifications","type":"success"}],"websiteBaseURL":"https://isekaiscan.com"},{"id":"KissManga","name":"1stKissManga","author":"Netsky","desc":"Extension that pulls manga from https://1stkissmanga.me","website":"http://github.com/TheNetsky","contentRating":"MATURE","version":"2.2.7","icon":"icon.png","tags":[{"text":"Notifications","type":"success"},{"text":"Cloudflare","type":"danger"}],"websiteBaseURL":"https://1stkissmanga.me"},{"id":"LeviatanScans","name":"LeviatanScans","author":"GameFuzzy","desc":"Extension that pulls manga from https://en.leviatanscans.com","website":"http://github.com/gamefuzzy","contentRating":"EVERYONE","version":"2.2.10","icon":"icon.png","tags":[{"text":"Notifications","type":"success"}],"websiteBaseURL":"https://en.leviatanscans.com"},{"id":"LilyManga","name":"LilyManga","author":"Netsky","desc":"Extension that pulls manga from https://lilymanga.com","website":"http://github.com/TheNetsky","contentRating":"MATURE","version":"2.2.6","icon":"icon.png","tags":[{"text":"Notifications","type":"success"}],"websiteBaseURL":"https://lilymanga.com"},{"id":"MacBold","name":"MacBold","author":"Netsky","desc":"Extension that pulls manga from https://macbold.com","website":"http://github.com/TheNetsky","contentRating":"MATURE","version":"2.2.6","icon":"icon.png","tags":[{"text":"Notifications","type":"success"}],"websiteBaseURL":"https://macbold.com"},{"id":"MadaraDex","name":"MadaraDex","author":"Netsky","desc":"Extension that pulls from the best site known as madaradex.org","website":"http://github.com/TheNetsky","contentRating":"ADULT","version":"2.2.7","icon":"icon.png","tags":[{"text":"Notifications","type":"success"},{"text":"18+","type":"warning"}],"websiteBaseURL":"https://madaradex.org"},{"id":"Manga1st","name":"Manga1st","author":"Netsky","desc":"Extension that pulls manga from https://manga1st.online","website":"http://github.com/TheNetsky","contentRating":"ADULT","version":"2.2.6","icon":"icon.png","tags":[{"text":"Notifications","type":"success"}],"websiteBaseURL":"https://manga1st.online"},{"id":"Manga3asq","name":"3asq Manga","author":"xOnlyFadi","desc":"Extension that pulls manga from https://3asq.org","website":"http://github.com/TheNetsky","contentRating":"MATURE","version":"2.2.6","icon":"icon.png","tags":[{"text":"Notifications","type":"success"},{"text":"Arabic","type":"info"}],"websiteBaseURL":"https://3asq.org"},{"id":"MangaBob","name":"MangaBob","author":"GameFuzzy","desc":"Extension that pulls manga from https://mangabob.com","website":"http://github.com/gamefuzzy","contentRating":"EVERYONE","version":"2.2.6","icon":"icon.png","tags":[{"text":"Notifications","type":"success"}],"websiteBaseURL":"https://mangabob.com"},{"id":"MangaCultivator","name":"MangaCultivator","author":"Netsky","desc":"Extension that pulls manga from https://mangacultivator.com","website":"http://github.com/TheNetsky","contentRating":"EVERYONE","version":"2.2.6","icon":"icon.png","tags":[{"text":"Notifications","type":"success"}],"websiteBaseURL":"https://mangacultivator.com"},{"id":"MangaLek","name":"MangaLek","author":"Netsky","desc":"Extension that pulls manga from https://mangalek.com","website":"http://github.com/TheNetsky","contentRating":"MATURE","version":"2.2.7","icon":"icon.png","tags":[{"text":"Notifications","type":"success"},{"text":"Arabic","type":"info"}],"websiteBaseURL":"https://mangalek.com"},{"id":"MangaTX","name":"MangaTX","author":"GameFuzzy","desc":"Extension that pulls manga from https://mangatx.com","website":"http://github.com/gamefuzzy","contentRating":"MATURE","version":"2.2.6","icon":"icon.png","tags":[{"text":"Notifications","type":"success"}],"websiteBaseURL":"https://mangatx.com"},{"id":"ManhuaPlus","name":"ManhuaPlus","author":"GameFuzzy","desc":"Extension that pulls manga from https://manhuaplus.com","website":"http://github.com/gamefuzzy","contentRating":"EVERYONE","version":"2.2.11","icon":"icon.png","tags":[{"text":"Notifications","type":"success"}],"websiteBaseURL":"https://manhuaplus.com"},{"id":"ManhuaPro","name":"ManhuaPro","author":"Netsky","desc":"Extension that pulls manga from https://manhuapro.com","website":"http://github.com/TheNetsky","contentRating":"EVERYONE","version":"2.2.6","icon":"icon.png","tags":[{"text":"Notifications","type":"success"}],"websiteBaseURL":"https://manhuapro.com"},{"id":"Manhuaus","name":"Manhuaus","author":"GameFuzzy","desc":"Extension that pulls manga from https://manhuaus.com","website":"http://github.com/gamefuzzy","contentRating":"EVERYONE","version":"2.2.9","icon":"icon.png","tags":[{"text":"Notifications","type":"success"}],"websiteBaseURL":"https://manhuaus.com"},{"id":"NeoxScans","name":"NeoxScans","author":"Netsky","desc":"Extension that pulls manga from https://neoxscans.net","website":"http://github.com/TheNetsky","contentRating":"MATURE","version":"2.2.6","icon":"icon.png","tags":[{"text":"Notifications","type":"success"},{"text":"Portuguese","type":"info"}],"websiteBaseURL":"https://neoxscans.net"},{"id":"NitroScans","name":"NitroScans","author":"Netsky","desc":"Extension that pulls manga from https://nitroscans.com","website":"http://github.com/TheNetsky","contentRating":"MATURE","version":"2.2.7","icon":"icon.png","tags":[{"text":"Notifications","type":"success"}],"websiteBaseURL":"https://nitroscans.com"},{"id":"Novelmic","name":"Novelmic","author":"Netsky","desc":"Extension that pulls manga from https://novelmic.com","website":"http://github.com/TheNetsky","contentRating":"MATURE","version":"2.2.6","icon":"icon.png","tags":[{"text":"Notifications","type":"success"}],"websiteBaseURL":"https://novelmic.com"},{"id":"PianManga","name":"PianManga","author":"Netsky","desc":"Extension that pulls manga from https://pianmanga.me","website":"http://github.com/TheNetsky","contentRating":"MATURE","version":"2.2.7","icon":"icon.png","tags":[{"text":"Notifications","type":"success"}],"websiteBaseURL":"https://pianmanga.me"},{"id":"PlatinumScans","name":"PlatinumScans","author":"Netsky","desc":"Extension that pulls manga from https://platinumscans.com","website":"http://github.com/TheNetsky","contentRating":"EVERYONE","version":"2.2.6","icon":"icon.png","tags":[{"text":"Notifications","type":"success"}],"websiteBaseURL":"https://platinumscans.com"},{"id":"ResetScans","name":"ResetScans","author":"darkdemon","desc":"Extension that pulls manga from https://reset-scans.com","website":"http://github.com/daarkdemon","contentRating":"EVERYONE","version":"2.2.9","icon":"icon.png","tags":[{"text":"Notifications","type":"success"}],"websiteBaseURL":"https://reset-scans.com"},{"id":"SKScans","name":"SKScans","author":"GameFuzzy","desc":"Extension that pulls manga from https://skscans.com","website":"http://github.com/gamefuzzy","contentRating":"EVERYONE","version":"2.2.6","icon":"icon.png","tags":[{"text":"Notifications","type":"success"}],"websiteBaseURL":"https://skscans.com"},{"id":"SetsuScans","name":"SetsuScans","author":"Netsky","desc":"Extension that pulls manga from https://setsuscans.com","website":"http://github.com/TheNetsky","contentRating":"MATURE","version":"2.2.6","icon":"icon.png","tags":[{"text":"Notifications","type":"success"}],"websiteBaseURL":"https://setsuscans.com"},{"id":"TeenManhua","name":"TeenManhua","author":"Netsky","desc":"Extension that pulls manga from https://teenmanhua.com","website":"http://github.com/TheNetsky","contentRating":"EVERYONE","version":"2.2.7","icon":"icon.png","tags":[{"text":"Notifications","type":"success"}],"websiteBaseURL":"https://teenmanhua.com"},{"id":"Toonily","name":"Toonily","author":"Netsky","desc":"Extension that pulls manga from https://toonily.com","website":"http://github.com/TheNetsky","contentRating":"ADULT","version":"2.2.8","icon":"icon.png","tags":[{"text":"Notifications","type":"success"},{"text":"18+","type":"warning"},{"text":"Cloudflare","type":"danger"}],"websiteBaseURL":"https://toonily.com"},{"id":"WDScans","name":"WickedDragon Scans","author":"NotMarek","desc":"Extension that pulls manga from https://wdscans.com","website":"http://github.com/notmarek","contentRating":"EVERYONE","version":"2.2.6","icon":"icon.png","tags":[{"text":"Notifications","type":"success"}],"websiteBaseURL":"https://wdscans.com"},{"id":"WebtoonXYZ","name":"WebtoonXYZ","author":"GameFuzzy","desc":"Extension that pulls manga from https://www.webtoon.xyz","website":"http://github.com/gamefuzzy","contentRating":"ADULT","version":"2.2.7","icon":"icon.png","tags":[{"text":"Notifications","type":"success"},{"text":"Cloudflare","type":"danger"}],"websiteBaseURL":"https://www.webtoon.xyz"},{"id":"XuNScans","name":"XuNScans","author":"Nuno Costa","desc":"Extension that pulls manga from https://xunscans.xyz","website":"http://github.com/nuno99costa","contentRating":"MATURE","version":"2.2.6","icon":"icon.png","tags":[{"text":"Notifications","type":"success"}],"websiteBaseURL":"https://xunscans.xyz"}]}