{"buildTime":"2022-08-10T21:09:37.168Z","sources":[{"id":"MangaBat","name":"MangaBat","author":"nar1n","desc":"Extension that pulls manga from m.mangabat.com","website":"https://github.com/nar1n","contentRating":"EVERYONE","version":"3.0.7","icon":"logo.png","tags":[{"text":"Notifications","type":"success"}],"websiteBaseURL":"https://h.mangabat.com"},{"id":"Mangakakalot","name":"Mangakakalot","author":"nar1n","desc":"Extension that pulls manga from mangakakalot.com","website":"https://github.com/nar1n","contentRating":"EVERYONE","version":"3.0.6","icon":"mangakakalot.com.png","tags":[{"text":"Partial-Notifications","type":"success"}],"websiteBaseURL":"https://mangakakalot.com"},{"id":"Manganato","name":"Manganato","author":"nar1n","desc":"Extension that pulls manga from manganato.com","website":"https://github.com/nar1n","contentRating":"EVERYONE","version":"3.0.6","icon":"icon.png","tags":[{"text":"Notifications","type":"success"}],"websiteBaseURL":"https://manganato.com"}]}