{"buildTime":"2022-09-26T10:24:52.134Z","sources":[{"id":"DankeFursLesen","name":"DankeFursLesen","author":"Netsky","desc":"Extension that pulls manga from https://danke.moe","website":"http://github.com/TheNetsky","contentRating":"ADULT","version":"1.0.1","icon":"icon.png","tags":[{"text":"Notifications","type":"success"},{"text":"18+","type":"warning"}],"websiteBaseURL":"https://danke.moe"},{"id":"Guya","name":"Guya","author":"Netsky","desc":"Extension that pulls manga from https://guya.cubari.moe","website":"http://github.com/TheNetsky","contentRating":"EVERYONE","version":"1.0.1","icon":"icon.png","tags":[{"text":"Notifications","type":"success"}],"websiteBaseURL":"https://guya.cubari.moe"},{"id":"Hachirumi","name":"Hachirumi","author":"Netsky","desc":"Extension that pulls manga from https://hachirumi.com","website":"http://github.com/TheNetsky","contentRating":"MATURE","version":"1.0.1","icon":"icon.png","tags":[{"text":"Notifications","type":"success"}],"websiteBaseURL":"https://hachirumi.com"},{"id":"MagicalTranslators","name":"Magical Translators","author":"Netsky","desc":"Extension that pulls manga from https://mahoushoujobu.com","website":"http://github.com/TheNetsky","contentRating":"MATURE","version":"1.0.1","icon":"icon.png","tags":[{"text":"Notifications","type":"success"}],"websiteBaseURL":"https://mahoushoujobu.com"}]}