{"buildTime":"2022-06-15T11:32:39.082Z","sources":[{"id":"HunlightScans","name":"Hunlight Scans","author":"xOnlyFadi","desc":"Extension that pulls manga from https://hunlight-scans.info","website":"https://github.com/xOnlyFadi","contentRating":"EVERYONE","version":"1.0.0","icon":"icon.png","tags":[{"text":"Notifications","type":"success"}],"websiteBaseURL":"https://hunlight-scans.info"},{"id":"LynxScans","name":"LynxScans","author":"xOnlyFadi","desc":"Extension that pulls manga from https://lynxscans.com","website":"https://github.com/xOnlyFadi","contentRating":"EVERYONE","version":"1.0.0","icon":"icon.png","tags":[{"text":"Notifications","type":"success"}],"websiteBaseURL":"https://lynxscans.com"}]}