{"buildTime":"2023-03-19T16:15:20.869Z","sources":[{"id":"ComicPorn","name":"ComicPorn","author":"Netsky","desc":"Extension that pulls items from https://comicporn.xxx","website":"https://github.com/TheNetsky","contentRating":"ADULT","version":"1.1.1","icon":"icon.png","tags":[{"text":"18+","type":"warning"}],"websiteBaseURL":"https://comicporn.xxx"},{"id":"HentaiEra","name":"HentaiEra","author":"Netsky","desc":"Extension that pulls items from https://hentaiera.com","website":"https://github.com/TheNetsky","contentRating":"ADULT","version":"1.1.1","icon":"icon.png","tags":[{"text":"18+","type":"warning"}],"websiteBaseURL":"https://hentaiera.com"},{"id":"HentaiFox","name":"HentaiFox","author":"Netsky","desc":"Extension that pulls items from https://hentaifox.com","website":"https://github.com/TheNetsky","contentRating":"ADULT","version":"1.1.1","icon":"icon.png","tags":[{"text":"18+","type":"warning"}],"websiteBaseURL":"https://hentaifox.com"},{"id":"HentaiRox","name":"HentaiRox","author":"Netsky","desc":"Extension that pulls items from https://hentairox.com","website":"https://github.com/TheNetsky","contentRating":"ADULT","version":"1.1.1","icon":"icon.png","tags":[{"text":"18+","type":"warning"}],"websiteBaseURL":"https://hentairox.com"},{"id":"IMHentai","name":"IMHentai","author":"Netsky","desc":"Extension that pulls items from https://imhentai.xxx","website":"https://github.com/TheNetsky","contentRating":"ADULT","version":"1.1.2","icon":"icon.png","tags":[{"text":"18+","type":"warning"}],"websiteBaseURL":"https://imhentai.xxx"}]}