{"buildTime":"2022-09-26T10:24:31.597Z","sources":[{"id":"EpikManga","name":"Epik Manga","author":"xOnlyFadi","desc":"Extension that pulls manga from Manhwa18.com","website":"https://github.com/xOnlyFadi","contentRating":"ADULT","version":"3.0.0","icon":"icon.png","tags":[{"text":"Turkish","type":"info"}],"websiteBaseURL":"https://epikmanga.com"},{"id":"KSGroupScans","name":"KSGroupScans","author":"xOnlyFadi","desc":"Extension that pulls manga from Manhwa18.net","website":"https://github.com/xOnlyFadi","contentRating":"ADULT","version":"3.0.0","icon":"icon.png","tags":[{"text":"English","type":"info"}],"websiteBaseURL":"https://ksgroupscans.com"},{"id":"KissLove","name":"KissLove","author":"xOnlyFadi","desc":"Extension that pulls manga from Manhwa18.net","website":"https://github.com/xOnlyFadi","contentRating":"ADULT","version":"3.0.0","icon":"icon.png","tags":[{"text":"Japanese","type":"info"}],"websiteBaseURL":"https://klmag.net"},{"id":"ManhwaEighteenCom","name":"Manhwa18.com","author":"xOnlyFadi","desc":"Extension that pulls manga from Manhwa18.com","website":"https://github.com/xOnlyFadi","contentRating":"ADULT","version":"3.0.0","icon":"icon.png","tags":[{"text":"English","type":"info"},{"text":"18+","type":"warning"},{"text":"Notifications","type":"danger"}],"websiteBaseURL":"https://manhwa18.com"},{"id":"ManhwaEighteenNet","name":"Manhwa18.net","author":"xOnlyFadi","desc":"Extension that pulls manga from Manhwa18.net","website":"https://github.com/xOnlyFadi","contentRating":"ADULT","version":"3.0.0","icon":"icon.png","tags":[{"text":"English","type":"info"},{"text":"18+","type":"warning"},{"text":"Notifications","type":"danger"}],"websiteBaseURL":"https://manhwa18.net"}]}