{"buildTime":"2022-09-26T10:25:39.151Z","sources":[{"id":"MangaLife","name":"Manga4Life","author":"Daniel Kovalevich","desc":"Extension that pulls manga from MangaLife, includes Advanced Search and Updated manga fetching","website":"https://github.com/DanielKovalevich","contentRating":"MATURE","version":"2.2.0","icon":"icon.png","tags":[{"text":"Notifications","type":"success"},{"text":"Cloudflare","type":"danger"}],"websiteBaseURL":"https://manga4life.com"},{"id":"Mangasee","name":"MangaSee","author":"Daniel Kovalevich","desc":"Extension that pulls manga from MangaSee, includes Advanced Search and Updated manga fetching","website":"https://github.com/DanielKovalevich","contentRating":"MATURE","version":"2.2.0","icon":"icon.png","tags":[{"text":"Notifications","type":"success"},{"text":"Cloudflare","type":"danger"}],"websiteBaseURL":"https://mangasee123.com"}]}